{"name":"26912dc9-3547-4530-893b-dee73dd6cd4a","id":"/providers/Microsoft.Flow/flows/26912dc9-3547-4530-893b-dee73dd6cd4a","type":"Microsoft.Flow/flows","properties":{"apiId":"/providers/Microsoft.PowerApps/apis/shared_logicflows","displayName":"Microsoft Forms Response to the SharePoint List","definition":{"metadata":{"workflowEntityId":null,"creator":{"id":"b7e01256-d9d4-4916-b626-3ac4337ecf9b","type":"User","tenantId":"989f7afc-210a-4a7a-89a4-9fe50619a887"},"provisioningMethod":"FromDefinition","failureAlertSubscription":true,"clientLastModifiedTime":"2018-10-15T11:31:42.2125025Z"},"$schema":"https://schema.management.azure.com/providers/Microsoft.Logic/schemas/2016-06-01/workflowdefinition.json#","contentVersion":"1.0.0.0","parameters":{"$connections":{"defaultValue":{},"type":"Object"},"$authentication":{"defaultValue":{},"type":"SecureObject"}},"triggers":{"When_a_new_response_is_submitted":{"metadata":{"flowSystemMetadata":{"swaggerOperationId":"CreateFormWebhook"}},"type":"ApiConnectionWebhook","inputs":{"host":{"api":{"runtimeUrl":"https://india-001.azure-apim.net/apim/microsoftforms"},"connection":{"name":"@parameters('$connections')['shared_microsoftforms']['connectionId']"}},"body":{"eventType":"responseAdded","notificationUrl":"@{listCallbackUrl()}","source":"ms-connector"},"path":"/formapi/api/forms/@{encodeURIComponent('_HqfmAohekqJpJ_lBhmoh1YS4LfU2RZJtiY6xDN-z5tUQjg4M0FDTldKVUw0UEhDTE9SMUdQMVY4MC4u')}/webhooks","authentication":"@parameters('$authentication')"}}},"actions":{"Apply_to_each":{"foreach":"@triggerBody()?['value']","actions":{"Get_response_details":{"runAfter":{},"metadata":{"flowSystemMetadata":{"swaggerOperationId":"GetFormResponseById"}},"type":"ApiConnection","inputs":{"host":{"api":{"runtimeUrl":"https://india-001.azure-apim.net/apim/microsoftforms"},"connection":{"name":"@parameters('$connections')['shared_microsoftforms']['connectionId']"}},"method":"get","path":"/formapi/api/forms('@{encodeURIComponent('_HqfmAohekqJpJ_lBhmoh1YS4LfU2RZJtiY6xDN-z5tUQjg4M0FDTldKVUw0UEhDTE9SMUdQMVY4MC4u')}')/responses","queries":{"response_id":"@items('Apply_to_each')?['resourceData']?['responseId']"},"authentication":"@parameters('$authentication')"}},"Create_item":{"runAfter":{"Get_response_details":["Succeeded"]},"metadata":{"flowSystemMetadata":{"swaggerOperationId":"PostItem"}},"type":"ApiConnection","inputs":{"host":{"api":{"runtimeUrl":"https://india-001.azure-apim.net/apim/sharepointonline"},"connection":{"name":"@parameters('$connections')['shared_sharepointonline']['connectionId']"}},"method":"post","body":{"Title":"@body('Get_response_details')?['responder']","Post_x0020_Time":"@body('Get_response_details')?['r65df8127ede34ee8804155d8211d55da']","Tweet_x0020_Text":"@body('Get_response_details')?['rc3caa8b0b0414d00ae431316125370a7']","Date_x0020_of_x0020_Birth":"@body('Get_response_details')?['rd2b73798ac644665996e8008be9edfa9']","Preferable_x0020_Technology":"@body('Get_response_details')?['r831b18fdb3694bc58bc4d32f1279cb7f']","{ContentType}":{"Id":"0x01002A49BA93C05C5E43831884382B62B57E"}},"path":"/datasets/@{encodeURIComponent(encodeURIComponent('https://infowebsp.sharepoint.com/sites/Developer'))}/tables/@{encodeURIComponent(encodeURIComponent('99c82aba-d4f7-45f5-8fd9-1f5041aac52f'))}/items","authentication":"@parameters('$authentication')"}}},"runAfter":{},"type":"Foreach"}},"outputs":{}},"connectionReferences":{"shared_microsoftforms":{"connectionName":"shared-microsoftform-c0922680-a2ee-410f-8ac4-e7a26cf8cbb8","source":"Embedded","id":"/providers/Microsoft.PowerApps/apis/shared_microsoftforms","tier":"NotSpecified"},"shared_sharepointonline":{"connectionName":"4ce94505d3314a85848d03422fe4d29c","source":"Embedded","id":"/providers/Microsoft.PowerApps/apis/shared_sharepointonline","tier":"NotSpecified"}},"flowFailureAlertSubscribed":false}}